PDB,2.5_contacts,4.0_contacts,backbone_alpha,backbone_beta,backbone_other,sidechain_alpha,sidechain_beta,sidechain_other,ligand_HBD,receptor_HBD,hydrophobic,pi-cation,pi-pi,pi-t,salt_bridge,rot_bonds,MMGBSA_dG_Bind_Coulomb,MMGBSA_dG_Bind_Covalent,MMGBSA_dG_Bind_Hbond,MMGBSA_dG_Bind_Lipo,MMGBSA_dG_Bind_Packing,MMGBSA_dG_Bind_Solv_GB,MMGBSA_dG_Bind_vdW,Lig_Strain_Energy
1e66,0,110,0,0,11,39,0,60,1,0,55,0,5,0,0,2,-2.197849212,1.056561406,-0.930228014,-56.45055734,-8.78413818,53.93587207,-54.33710597,1.167690783
10gs,18,188,5,19,6,70,39,67,3,7,28,0,1,0,3,14,-61.7489553,2.574331644,-4.274005651,-39.04392527,-0.532391549,49.90881471,-51.36722691,6.770727763
1a08,13,169,0,15,15,51,66,35,1,10,23,1,0,0,3,19,-242.8711443,3.465263125,-13.08499028,-23.50531829,-0.506386288,223.6003322,-26.75072732,4.628084251
1a1b,11,165,0,20,13,52,62,29,1,11,22,2,0,0,2,19,-200.6734709,3.480886389,-12.99895106,-25.04311647,-0.403902178,189.7614781,-32.26991477,4.126383887
1a30,9,150,0,10,34,0,50,65,4,4,14,0,0,0,1,14,-71.76615007,7.397712319,-2.963222173,-32.00328198,0,77.26767754,-52.36409402,14.00712513
1a69,8,170,0,27,11,45,51,44,2,4,14,0,2,0,0,5,-45.91642333,4.082246448,-3.436938846,-26.48500843,-1.93517579,37.67532713,-39.78094048,7.261403141
1ai5,5,74,0,12,0,0,31,36,0,2,22,0,1,0,0,3,-2.035911083,0.8280671,-2.565583685,-19.31053536,-0.679470899,5.578832618,-31.5667471,0.724189959
1ajp,7,84,0,16,0,4,40,31,0,4,21,0,1,0,0,2,-5.010306443,0.782891328,-2.760565354,-27.04753123,0,4.712335455,-30.27851111,1.239761654
1ajq,6,68,0,16,0,3,33,22,0,4,16,0,0,0,0,2,-16.62322196,0.096230998,-2.673353052,-26.27182667,-0.277226642,17.92951492,-25.35472324,0.693737702
1apw,13,161,0,3,38,0,53,80,5,4,17,0,0,0,0,15,-51.15139421,4.196758901,-3.415120885,-53.78151134,0,29.54055999,-61.35904717,6.352207785
1avn,3,67,0,0,9,0,32,29,2,1,1,0,0,1,0,3,-28.53701118,0.387298169,-0.847346311,-2.51576593,-1.009825436,21.33977242,-9.371931348,0.525812599
1b39,15,191,0,15,34,10,66,81,3,6,10,0,0,0,7,11,-54.1988428,2.458312042,-2.985336075,-10.39538243,0,25.65005539,-12.65591792,2.718509793
1b7h,23,285,3,47,33,47,109,69,9,6,21,2,0,0,3,19,-149.3375776,3.646070789,-9.951892236,-51.64262382,0,193.9305425,-58.79826492,14.34414366
1b8o,16,199,1,33,7,15,43,116,6,3,20,0,0,1,1,5,-142.8615171,3.724358778,-5.296385753,-28.4506765,-1.274606964,105.4139074,-33.5190902,12.17980719
1b9j,21,258,2,46,23,32,124,52,7,5,31,0,0,0,1,18,-131.81029,3.440459007,-7.366594222,-18.11358651,0,136.853179,-55.61578427,8.895283219
1bcu,0,110,0,25,26,0,21,38,1,0,24,0,0,0,0,2,1.219622637,1.856578394,-3.395766608,-22.30027828,-1.47E-08,61.91418968,-35.81678349,1.494385486
1bma,3,76,0,30,9,0,11,29,1,2,8,0,0,0,0,11,-82.86418183,1.751840687,-0.940971172,-35.53217865,-2.698455087,105.3536234,-54.44685482,10.95742089
1bra,4,91,0,7,45,0,10,33,4,0,8,0,0,0,0,2,-300.2831446,4.230228949,-4.138887347,-10.93572379,-0.001926435,293.2692358,-18.14057361,5.83056548
1bxo,13,199,0,4,44,7,56,101,4,6,26,0,0,0,0,10,-114.9723249,2.308226375,-10.78729988,-21.45769865,-0.717537115,106.2285843,-33.83387303,3.75637968
1d09,14,169,19,0,10,63,38,53,0,14,6,0,0,0,6,7,-230.2133689,1.493122988,-16.93037635,-9.69836549,0,225.2827535,-27.35300491,3.564787121
1d7j,3,43,0,0,3,6,12,25,1,2,10,0,0,0,0,3,-15.87043886,1.704957388,-1.239774185,-13.07819457,0,4.540587384,-12.52323368,2.569370381
1det,10,128,0,5,26,0,40,67,3,4,11,0,0,0,0,7,31.90011381,1.398571419,-6.406342817,-6.648461964,-0.465434859,-35.42754396,-27.6654671,3.055638587
1df8,0,0,0,0,0,0,0,0,0,0,0,0,0,0,0,5,-31.2299211,0.960742893,-2.805765153,-42.79824534,0,30.41849784,-41.57189451,1.173601639
1dhi,11,168,9,39,0,56,44,31,2,4,21,0,0,0,4,11,-47.69206334,-2.792063869,-12.79272441,-24.18084647,-0.782930372,42.98687578,-44.00526811,4.312272178
1e1v,2,109,0,22,22,7,48,12,1,1,16,0,1,0,0,4,0.271943949,1.651611275,-1.403994584,-23.16630115,-0.48395511,12.24868203,-39.21894992,1.804768834
1e5a,0,14,0,0,0,0,14,0,0,1,2,0,0,0,0,1,-2.907755277,0.118431565,-0.112506547,-12.36915581,0,4.243448255,-11.78837514,0.126455046
1ela,6,146,0,0,70,0,3,79,4,1,13,0,0,0,1,11,-75.59186976,-0.197466318,-1.640380655,-32.39002124,-0.802985833,66.68431236,-51.3208344,9.106288269
1elb,3,92,0,6,16,0,13,60,1,0,15,0,0,0,0,14,-62.40823035,7.792715468,-0.461904712,-43.2226484,-0.219389836,95.97197682,-48.22313339,13.56085604
1f4e,7,71,3,0,8,14,2,51,0,3,16,0,0,0,1,3,51.12771982,6.592420716,-2.852029214,-21.42537418,-0.601176797,-35.73527094,-34.27344968,8.367704569
1f4f,6,132,5,0,9,49,0,75,0,5,32,0,0,1,4,9,82.09249067,6.29361522,-6.766162371,-28.96672177,-0.125817591,-58.74790555,-58.50237215,4.398146675
1f4g,8,158,5,10,20,31,34,66,0,7,38,0,0,1,3,12,18.56046939,5.840413247,-10.05010372,-33.99878618,-0.499056452,-11.06248891,-62.54105511,8.108393926
1f5k,6,97,0,24,36,0,2,41,4,0,13,0,0,0,0,2,-223.5331923,2.191302212,-7.42987426,-11.06722021,0,219.0676599,-20.55321751,2.593546318
1fcx,6,118,24,6,5,62,10,17,0,3,47,0,0,1,1,4,-30.95172037,2.189770234,-4.527044742,-79.88580178,-2.350207568,28.91403902,-69.56826096,4.254754077
1fcz,7,108,19,6,5,61,9,15,0,3,52,0,0,1,1,4,-29.16788018,0.916744983,-4.574670724,-77.13790024,-0.482819553,26.25099861,-69.73526254,1.465680421
1fd0,7,143,27,6,5,84,10,18,0,3,59,0,0,1,1,4,-28.79514463,3.108428747,-4.556934171,-75.24735709,-1.715545604,27.05022377,-71.05404046,5.929677255
1fh7,12,194,0,0,0,0,48,158,3,4,14,2,0,0,2,7,-106.7913651,1.063703222,-4.638978281,-21.71802664,0,87.43751812,-28.68513042,6.317012093
1fh8,13,152,0,0,0,0,30,135,4,3,10,2,0,0,2,6,-119.0533759,0.523464442,-5.145539842,-20.90711816,0,104.4991568,-27.60205339,5.886536915
1fh9,15,218,0,0,1,0,65,167,6,4,14,0,0,0,2,8,-160.9496301,4.159363299,-5.748898826,-18.41444298,0,115.1517831,-26.62193467,9.84757395
1fkb,6,128,0,0,33,15,39,47,3,2,32,0,0,0,0,9,-33.71196094,3.309319943,-1.729919636,-54.48574288,0,23.08531727,-60.81807037,8.00125394
1fki,2,99,0,0,6,14,40,41,0,2,34,0,0,0,0,0,-19.40901343,-2.581913514,-0.544680095,-39.59445305,0,13.97830455,-44.55266842,5.485137075
1fkn,14,248,0,17,64,0,93,88,5,7,24,0,0,0,2,30,-13.17353185,1.622596851,-7.09267802,-51.46101284,0,0.658409545,-83.66287635,43.96562209
1flr,5,157,0,7,15,0,87,53,1,3,41,0,6,0,0,3,-25.10777035,3.166389937,-2.31830149,-30.24254216,-7.778302883,19.99766532,-43.81432667,3.062087274
1ftm,13,184,6,25,2,54,87,23,4,8,18,1,0,0,2,5,-46.70957891,1.474845654,-4.478155211,-21.5276817,-0.064974938,21.12596674,-26.6866603,2.681297754
1fzj,18,344,18,0,0,256,87,1,10,8,57,0,0,1,1,32,-148.0013274,8.624617134,-9.29199646,-72.76190873,-1.49116462,123.8816626,-104.9668041,13.22502252
1fzk,24,337,1,1,0,281,75,3,6,9,59,1,1,0,0,25,-92.44045024,-3.199584516,-5.725972005,-56.08364881,-2.695875393,78.06857674,-90.73717768,34.92747146
1g7f,19,174,10,3,22,42,15,101,3,11,25,0,0,1,2,16,-142.2376713,3.103002429,-13.18400223,-28.31665468,-0.106494618,143.5203197,-47.11579051,8.859286462
1g7q,20,320,8,0,0,291,40,1,5,9,24,0,0,0,1,24,-50.27635184,2.170465625,-7.039679074,-40.60951507,-0.439364744,52.59192499,-79.14789435,13.73905857
1gni,3,68,6,0,0,48,0,17,0,3,39,0,0,0,2,15,143.5859761,2.243736263,-5.147585774,-69.90423102,0,-133.6029713,-47.60985013,10.99499336
1gpk,4,84,2,0,28,12,2,44,0,3,22,0,0,0,0,1,-26.77649463,2.507933848,-0.654468082,-37.93373274,-0.107869739,41.31888464,-40.41441621,2.363947895
1h23,7,136,4,10,35,34,2,58,2,4,42,3,2,0,0,15,-31.488638,-1.11793419,-1.163286976,-69.85702513,-1.670121888,63.25511891,-75.33683861,7.405755007
1ha2,1,67,15,0,0,53,0,0,0,0,36,0,0,0,0,5,-22.16047382,0.241290638,-0.488678331,-37.72918209,-0.908455638,36.31111793,-46.43821994,1.015736221
1hfs,8,172,2,10,51,41,33,43,2,3,50,1,2,4,4,18,67.57414388,3.121152459,-1.701430264,-72.71054668,-7.218773523,-21.4302195,-82.05799464,10.8104855
1hi4,17,172,0,8,7,43,58,73,1,10,17,2,2,0,3,8,-220.5774597,8.226882552,-14.76017118,-9.573366595,-4.215656293,201.5757572,-32.42700706,7.839589929
1hk4,9,131,35,0,0,101,0,4,2,2,16,0,1,0,4,7,45.27417725,0.227367487,-3.18390173,-35.51291309,-1.220278625,-34.65920853,-55.91669337,1.782282915
1if7,8,113,2,0,15,5,38,61,1,2,16,1,0,1,0,7,0.491853273,4.832060903,-2.567881748,-20.10135813,-0.419073121,-0.639587315,-34.50687802,6.204272871
1is0,13,203,0,12,15,46,84,59,1,10,29,1,0,0,5,19,-338.1625144,5.002370664,-16.32864838,-31.5990074,-0.158750028,328.1256678,-43.09766526,15.70001465
1j16,3,114,0,10,50,0,14,43,3,0,14,0,0,0,0,2,-322.1162674,0.986568631,-6.504398294,-12.34776206,-0.257651083,324.479226,-24.8663906,1.256849054
1j17,0,140,0,41,26,0,32,41,0,0,44,0,1,1,0,4,-158.7572097,7.755642107,-11.45813606,-15.52736904,-0.038758264,183.7750127,-52.88008513,9.251128664
1jaq,9,157,7,18,51,57,12,21,3,2,12,0,0,0,1,9,-45.49437445,6.275806073,-3.551934474,-17.94958723,0,51.64578067,-39.7250515,9.881605145
1jq9,8,157,43,0,33,54,0,35,3,0,23,0,0,0,1,24,-150.6232482,11.71261213,-4.58377171,-34.54805468,0,178.415495,-62.01819531,22.4249609
1jqd,11,153,7,7,40,47,26,37,3,3,17,0,0,0,1,11,-9.04770903,4.873954105,-3.890870706,-27.89403118,-5.07E-05,3.92696473,-58.40574178,11.7470777
1jys,2,64,0,16,18,1,12,19,1,1,10,0,0,0,0,1,-12.7835222,1.592223771,-0.9655572,-4.22214663,-0.363350319,17.0988239,-24.25976558,1.271403796
1k4g,8,132,5,11,18,28,42,36,5,3,21,0,0,0,0,5,-38.36564714,7.1550255,-6.406777708,-27.89419237,-0.575232206,33.84479978,-45.53606555,6.353689657
1k9s,11,183,0,45,6,22,28,93,3,0,20,0,1,0,0,6,-45.56810858,2.284275081,-3.678015944,-28.37540481,-0.886374236,49.25695376,-41.74538887,4.965471864
1kv1,4,92,0,3,16,26,36,15,3,1,23,0,0,0,0,3,-18.44566699,1.940665738,-2.233685808,-47.58909744,-0.016177284,19.41609394,-50.48237911,1.659798267
1kv5,10,108,0,14,22,1,31,50,0,9,5,0,0,0,3,3,-169.2708412,2.250520922,-9.288124824,-4.13799164,0,168.1542282,-10.87910913,1.68204032
1l2s,7,104,6,31,9,42,10,13,0,4,14,0,0,1,0,4,-15.58259779,3.748713725,-2.764140622,-18.4788584,-0.703803598,14.59090583,-34.79915148,5.086499422
1lol,12,147,0,18,29,0,27,85,1,7,8,0,0,0,1,6,2.809576647,2.640447298,-8.462202178,-14.14754668,-0.860126826,0.584280818,-35.69199763,2.972473278
1loq,15,155,0,11,10,0,48,101,2,8,10,0,0,0,1,6,-12.32007846,4.689650258,-10.51404055,-14.12156837,0,12.75375977,-31.22783943,8.566027548
1m0n,12,170,15,0,13,18,22,114,0,9,16,1,0,1,2,7,-156.0636276,0.891281826,-13.52431102,-17.06093642,-0.14532861,163.1152546,-36.31822758,2.592913807
1m0q,9,134,6,0,8,12,23,94,0,8,16,0,1,0,2,7,-104.1361059,6.932622636,-12.69655131,-13.95728474,-0.498336147,111.5566752,-32.66474646,6.725411273
1m2q,4,99,0,7,6,0,58,32,1,2,28,0,0,0,0,3,-6.916081598,0.724627008,-1.704327118,-25.55136574,-0.093412456,5.445944038,-39.08200497,1.483859283
1mq6,2,146,0,8,62,0,19,59,1,0,37,0,1,2,0,8,-51.06684775,2.753604619,-0.235400251,-61.22706346,-0.66984278,86.10765951,-68.24054033,5.018784874
1n2v,7,73,0,8,6,11,29,26,2,0,17,0,0,0,0,3,-34.84812823,2.312077976,-2.832787145,-20.49457091,0,34.01454315,-42.40090572,1.61503577
1nc1,7,148,0,18,23,26,35,53,3,3,34,1,2,0,1,6,-33.12708268,7.537861612,-5.226504544,-46.00521674,-1.315599227,29.57161788,-54.86682721,6.718541522
1ndw,10,111,2,4,0,39,11,65,2,2,28,1,1,2,0,7,-31.27864656,2.601653615,-4.611274948,-30.05723204,-2.057237608,35.6599641,-39.72075355,5.787454817
1ndy,7,119,0,4,10,16,16,80,2,2,30,1,0,0,0,7,-34.92957025,4.420855799,-4.740480951,-34.58921872,-1.065208433,38.46025089,-43.37141095,6.324656383
1ndz,9,185,11,20,9,35,22,97,3,2,59,1,3,1,3,11,-32.5523883,-1.544426661,-5.290644271,-48.29707601,-2.821829434,57.03231378,-67.45066194,16.24933824
1nfy,6,194,0,37,49,0,50,64,2,0,38,0,1,0,0,6,-200.441775,-0.563102437,-1.265886036,-37.03203682,-3.194164551,231.2777301,-55.80726915,11.53790634
1nhu,4,65,2,0,15,30,0,22,0,2,20,0,0,0,0,8,-100.8807797,2.871615123,-1.899925383,-47.23797554,-1.376777661,97.21239686,-35.05133784,10.50347902
1nja,11,134,11,14,3,3,71,43,2,7,5,0,0,0,1,7,-7.065334239,8.21844841,-6.577674858,-10.90347105,-0.019722305,6.205100277,-32.57186231,10.36024989
1nje,12,132,3,6,0,24,53,58,2,8,4,0,0,0,3,7,-28.16329385,1.458459477,-8.308065297,-11.0691152,-0.001057856,16.80630979,-30.33967901,1.793789054
1nny,21,243,14,0,33,97,10,110,3,13,27,0,0,0,4,17,-158.2045244,-1.96664181,-18.31272998,-34.12351768,-0.281501108,142.5641416,-61.54451726,23.75699827
1nvq,6,131,0,17,20,0,68,32,4,1,28,0,0,0,1,5,-102.2375198,0.759309168,-1.643386659,-40.35067438,-1.37E-07,89.89210692,-59.23446405,2.310780096
1o0h,12,191,0,8,6,61,58,70,1,8,17,1,1,0,5,9,-131.9972252,4.598808205,-14.72767485,-9.59271992,-3.785190895,118.2474918,-33.13675289,3.798676556
1o3f,8,171,0,13,69,0,11,86,4,0,30,1,0,1,0,5,-209.1578139,2.228331588,-2.508669202,-26.85811129,-3.086185728,263.5166095,-36.14204734,6.439991511
1o3p,9,163,0,53,26,10,59,24,3,0,25,0,0,0,0,6,-230.6235527,2.924322143,-2.809726734,-30.98485464,-1.237068889,287.6431425,-38.30836456,6.272139788
1ols,11,174,0,4,49,0,33,99,2,7,22,0,0,0,5,12,27.243159,12.36646557,-5.24783907,-24.92252577,-0.400066745,-36.89743911,-40.55317736,12.40495755
1olu,8,142,0,4,46,1,34,65,1,4,16,0,0,0,3,12,13.25829817,3.960289808,-4.519574592,-23.40116661,-2.00E-10,-42.72222536,-37.2868707,5.524701197
1om1,3,83,0,11,7,0,59,9,0,3,35,0,0,0,1,2,-37.56638041,1.641668536,-3.452164726,-36.79403153,-0.103069501,44.96733142,-43.5281067,2.472785542
1p1q,15,176,5,25,2,50,76,33,4,9,15,0,0,0,2,5,-50.00338564,2.68229655,-4.715016223,-19.77563366,-0.066188597,20.31806381,-23.51620488,4.751891331
1pb9,12,123,0,21,6,0,55,53,4,4,13,0,0,0,1,1,7.619390372,3.544149709,-4.449524923,-58.72165583,-0.1555896,-16.68371656,-73.60943323,6.245384044
1pbq,6,84,1,8,0,8,41,32,0,5,20,0,2,0,1,2,-21.40543625,1.082053225,-7.544318092,-28.43323747,-2.774205444,20.80512326,-31.99399651,1.209340347
1ppm,12,186,0,4,42,0,46,106,2,6,26,0,0,0,0,17,3.198657421,4.850499106,-4.24562906,-49.54512908,-0.244408265,-8.262627932,-71.56932748,8.93860881
1pr5,6,154,0,33,5,10,36,76,3,1,23,0,0,0,0,6,-22.1167714,6.558510158,-4.906979929,-21.88420236,-0.225884083,38.19689467,-37.85771601,6.637002764
1pxo,4,82,0,6,18,0,42,20,3,2,18,0,0,0,0,3,-19.17160382,1.518149419,-4.594877333,-23.63668909,-0.000327761,13.0920288,-31.42999496,1.182218205
1pz5,9,213,0,6,43,0,103,70,2,4,37,1,0,0,2,30,-6.759192148,4.267365886,-2.806171198,-49.49174442,-1.922634598,31.59036202,-80.94107959,15.14599094
1q7a,2,86,0,0,23,17,0,48,0,1,30,1,2,1,0,6,3.085482924,1.084091045,-0.792679035,-33.41882241,-0.524049376,32.7547714,-45.49128858,2.100879069
1q8t,2,65,0,19,3,0,36,9,0,2,23,0,0,0,1,4,-18.67375258,0.820721252,-0.565803367,-34.66341872,-0.000276905,25.33376872,-42.75229457,1.267251738
1re8,12,197,0,31,24,6,71,77,3,3,54,1,1,1,2,9,-87.94681144,3.817619673,-3.496623457,-46.00592734,-0.779171971,72.92900939,-70.78619441,4.767291046
1rnt,14,189,0,5,29,0,91,78,3,8,15,0,2,1,2,7,-15.6236242,1.702562638,-14.3390754,-6.48739288,-1.819644695,3.194571094,-31.57684336,4.882812123
1s39,6,108,2,8,5,25,43,31,3,0,27,0,2,0,0,1,-23.48734492,0.52181487,-4.573735011,-15.02197692,-0.720431122,19.67576569,-28.20625612,0.952136633
1sl3,3,168,0,54,29,0,25,63,2,1,36,0,1,0,0,10,-95.09641558,1.824187223,-0.742953024,-54.9796853,-2.470181822,115.2880085,-69.73591605,6.708629516
1slg,8,160,0,7,0,0,153,8,1,5,21,1,0,1,0,26,-53.71674258,1.800350976,-1.817302183,-25.17951392,0.556458477,41.24915916,-39.49308066,16.15426511
1sqa,13,180,0,14,66,0,5,108,6,0,15,1,0,1,1,8,-307.9350806,10.50266254,-10.32436688,-22.89019407,-0.134805127,333.1123329,-48.69886663,11.17720899
1sv3,1,40,0,0,11,10,0,20,0,1,19,0,0,0,0,2,124.825761,0.395522903,-0.401291925,-16.66188571,-8.23E-08,-95.38541971,-24.63582729,0.582636193
1syh,13,182,9,26,4,54,76,26,3,7,25,1,0,0,2,4,-52.41232861,1.157449279,-4.896598592,-26.92083543,-0.004071025,23.80019845,-36.03019352,2.882778416
1tmn,7,126,0,7,12,39,9,66,4,0,21,0,0,0,6,19,-40.38152555,7.51816729,-1.284148426,-34.97732075,0,76.35230005,-41.9509186,19.48952902
1trd,11,136,0,24,25,0,41,57,1,10,2,0,0,0,2,4,-130.9683247,2.2466755,-9.866583198,-4.28366197,0,114.5115991,-17.14971535,2.116944588
1tsy,14,145,3,9,0,20,80,47,2,6,4,0,0,0,2,6,-17.13440215,3.5553888,-8.141650204,-10.94205243,-0.239707151,-3.314487078,-29.53345451,3.456520401
1ttm,3,80,0,0,8,5,37,33,1,2,10,0,0,0,0,3,-4.123803179,0.163722078,-2.179624991,-18.3574125,-0.741537915,-14.68433063,-27.26245066,0.654280228
1tyr,1,30,0,8,0,0,23,0,0,0,14,0,0,0,1,5,22.47769045,2.583375084,0,-39.84089977,0,-12.14042412,-25.35280989,3.872369919
1u1b,10,209,1,23,5,38,74,78,3,5,18,0,1,0,8,16,-100.2513867,8.678506884,-9.962752228,-20.18981394,-1.04524179,109.1264153,-66.92437987,9.22373894
1u2y,8,87,0,0,20,9,30,36,3,2,4,0,0,0,0,6,-34.97695707,1.127157073,-2.119567787,-10.54576098,0,28.56840562,-19.42523716,1.834134509
1u33,11,179,0,0,20,27,53,90,5,3,14,0,0,0,0,18,-42.08714136,4.212679029,-5.739902255,-36.4878684,0,57.73934003,-47.66509838,11.78085583
1utp,5,84,0,6,32,0,2,49,3,0,12,0,0,0,1,5,-108.4549538,1.394520908,-1.323658393,-21.84336773,-0.837545308,129.9942381,-22.88242662,2.227002594
1uwt,12,157,0,0,0,0,65,104,4,5,11,0,0,0,0,6,-28.90146242,4.368308513,-2.768927442,-16.93321585,0,25.12059314,-26.29245356,8.073239709
1v16,10,146,0,5,38,0,28,85,1,8,20,0,0,0,4,9,-13.66625937,9.401953944,-12.84063006,-27.92146988,0,40.97826708,-39.68071317,9.133366079
1v2o,12,176,0,17,80,0,10,81,5,2,19,0,0,0,0,11,-324.2495021,3.831149972,-8.586966532,-23.16974638,-5.22E-05,323.2137127,-34.37825293,12.35990069
1vfn,4,94,0,37,0,0,22,39,3,1,12,0,0,0,0,0,-30.35688951,0.104724729,-1.70385098,-3.60810667,-1.570418987,19.48343734,-25.74005482,0.143921516
1vzq,9,158,0,11,69,0,3,84,6,1,30,0,0,0,1,7,-189.4728085,7.791451971,-8.578463489,-36.95570392,-0.128433846,196.2737048,-58.20574663,8.775321148
1x1z,16,170,0,11,10,0,54,111,3,8,12,0,0,0,1,7,-16.39293517,5.572138908,-11.14284176,-14.38420689,0,14.62970057,-30.43217344,8.563690894
1xd1,21,249,0,3,44,32,57,134,6,5,19,0,0,0,2,34,-69.07758627,4.00968494,-7.142887765,-59.12095159,0,75.74789301,-75.38551952,23.97115215
1xgj,8,134,6,33,12,45,7,39,0,4,15,0,0,2,1,6,-35.38719665,1.566144687,-3.076183022,-14.19761771,-0.000320894,36.50171464,-36.429211,3.053848647
1y1m,9,110,0,19,0,30,57,13,3,4,17,1,0,0,2,2,-26.66655033,1.700830657,-3.767988532,-17.41452018,0,18.17696753,-14.33730629,2.199857588
1y6q,7,150,0,23,20,21,37,56,5,1,26,0,2,0,2,6,-122.3453383,2.451585787,-5.96080489,-56.54242258,-1.262225891,116.430872,-56.78472836,4.88810507
1ydt,3,126,0,9,39,0,32,49,1,1,34,1,0,0,2,8,20.70850762,3.198987487,-0.822388077,-52.76952026,-0.001951444,-8.318724719,-68.92586163,2.784888943
1zc9,9,114,6,0,11,12,5,89,4,4,11,0,0,0,1,7,-5.752714968,5.782243793,-4.173713842,-12.91112971,-0.104288182,3.963446829,-28.60506533,6.823084018
1zoe,0,52,0,16,0,0,31,5,0,0,10,0,0,0,0,1,-3.893377618,2.105424306,-0.028908088,-53.68751481,-0.054306664,8.087769413,-40.14598456,2.368580423
1zs0,8,110,4,7,25,47,15,20,0,3,31,1,2,0,4,7,123.584743,7.661002806,-1.275287174,-34.70975135,-2.954790527,-86.63737225,-50.74716294,9.440977807
1zvx,9,126,3,13,27,55,11,26,1,3,29,1,2,0,5,7,121.4405147,5.168955826,-1.434360928,-33.73993914,-3.209711893,-80.50454624,-46.20529878,8.430646027
2aou,1,117,3,0,4,80,1,30,2,0,49,1,4,2,0,7,-0.688725869,3.881215265,-0.928038818,-47.17683412,-6.19869092,45.8001862,-56.86006916,6.37304537
2aov,4,117,2,0,5,63,1,50,4,0,32,0,1,2,0,3,-13.03376651,-0.188516623,-3.468015038,-35.30524654,-2.400214794,23.79464798,-43.86291474,1.347258696
2ayr,3,119,16,0,3,81,0,22,1,0,47,0,0,2,1,9,-7.852040938,0.946419257,-1.475569869,-77.09871309,-0.959205033,15.3791814,-80.15348947,6.220256392
2azr,11,121,12,1,14,43,10,52,0,8,17,0,0,0,3,4,-82.48909085,-2.154811959,-0.03929805,-44.11225161,-2.365031688,135.0605886,-58.34071319,14.33485678
2b1v,4,69,11,0,0,57,0,5,2,1,21,0,0,1,0,4,-16.86657619,2.90362338,-1.962472914,-62.21951441,-0.734995552,18.51187524,-44.16864851,2.829370527
2b7d,10,203,0,18,70,0,15,110,7,2,28,0,0,0,1,12,-65.21751268,6.945720233,-8.651006066,-23.59984675,-0.669031067,92.89090096,-49.24247632,12.41700177
2baj,3,101,4,9,17,28,30,16,2,1,30,0,0,0,0,4,-10.95024828,2.581925955,-1.3975168,-60.52567801,-0.089183875,14.53860052,-65.35947034,3.41296198
2bak,3,146,0,12,15,19,60,43,0,2,51,1,0,0,2,10,-13.37917872,6.17118476,-1.541168735,-85.45662236,-0.32251306,41.51958114,-97.8425394,5.353851679
2bok,4,138,0,31,34,0,19,58,3,1,35,4,0,0,0,7,-341.5933189,4.480664238,-6.654896538,-44.23601198,-2.60E-10,352.5723,-55.38387318,6.919072494
2brb,1,77,0,18,4,0,43,13,0,2,24,0,0,0,0,6,-14.04594984,-0.314448375,-0.916671213,-33.28511412,-1.30E-10,20.29902226,-49.73969225,1.222528619
2brm,4,90,0,22,7,0,56,9,1,1,27,0,0,0,0,6,-31.54366266,1.396806145,-1.393438961,-31.45318853,-3.59E-08,24.89124717,-45.04169147,3.472704066
2bz6,12,184,0,15,67,0,9,105,5,2,34,0,0,0,1,10,-99.34851001,3.94354362,-10.58485599,-31.1851839,-0.15984631,110.4035137,-49.08734375,8.424259111
2bzz,18,281,0,20,0,57,112,110,1,14,27,2,2,0,5,22,-230.9436434,10.7457125,-18.90960422,-17.59472315,-6.847000827,225.79842,-61.28904634,20.65595803
2c02,7,154,0,8,0,37,54,62,1,7,17,0,1,0,5,9,-102.8930093,6.880464612,-9.49384931,-12.56354691,-1.936275505,108.948757,-35.16014444,10.36207145
2ceq,14,155,0,0,0,0,81,88,4,5,20,0,1,1,0,5,-56.93821989,-0.646682423,-3.056862817,-18.61789761,-0.64254292,21.61132186,-19.02862788,10.64208272
2cer,15,156,0,2,0,1,55,113,5,4,19,0,1,0,0,8,-53.15326531,-0.34474075,-4.598205474,-31.39309148,-0.963481499,43.70206697,-37.44699271,12.32546932
2cet,13,152,0,0,0,1,62,102,5,3,28,0,1,1,0,8,-32.55980085,0.892042028,-4.377430456,-28.43445662,-1.84973146,52.15570743,-37.39068511,11.68903889
2cgr,9,183,0,0,35,0,136,21,1,3,39,0,1,2,1,6,-24.01009796,8.516625762,-7.625803326,-27.87849075,-2.052719446,15.41733854,-47.32834251,8.051536219
2ctc,9,99,0,0,0,5,32,71,1,2,18,0,0,0,5,4,-0.601393719,1.39820272,-7.694045925,-21.61785443,-0.181799111,16.70723172,-20.99848203,2.712093457
2d0k,11,161,4,25,1,74,38,30,2,4,25,0,0,0,3,10,-47.05150512,1.995245332,-15.95045744,-23.24476386,-1.382221658,45.23461779,-49.89988854,4.532551403
2d1o,12,170,5,24,67,33,19,34,5,2,27,0,0,0,1,20,-184.4172202,7.80784805,-3.826727381,-56.02083947,-7.03E-07,187.9005672,-58.94931581,9.887901384
2d3u,4,76,3,0,15,39,0,23,0,2,31,0,2,0,0,5,-62.27572647,-0.354829694,-1.962174265,-41.33321404,-3.654740122,62.89250835,-45.49963176,3.587730885
2d3z,5,81,4,0,14,41,0,27,0,3,29,0,0,0,0,5,-69.55468182,0.163988175,-2.697852697,-42.81440758,-1.580199791,64.66476452,-43.43549749,2.858371689
2drc,11,183,3,41,0,73,46,31,2,5,26,0,0,0,3,11,-63.67365544,-2.90085712,-13.83683682,-26.09379183,-0.652850991,44.58140698,-42.93404215,4.118586912
2er9,19,249,0,16,53,0,57,142,6,4,41,0,0,0,0,34,-71.96595832,5.963544256,-4.372254008,-59.39005162,-0.001247612,71.68372102,-90.15304102,52.99622674
2f01,9,129,0,0,9,0,109,20,2,6,27,0,0,0,0,5,-53.12280199,0.656010567,-3.530895689,-43.62984038,0,31.44204777,-37.77077331,0.973139065
2f80,11,169,0,19,46,0,61,54,3,6,27,0,0,0,0,14,-19.73414621,4.208035707,-3.027535341,-59.1607112,-0.000224162,0.388431581,-70.64570914,6.197758786
2fai,4,66,10,0,0,52,0,8,2,1,21,0,0,1,0,4,-17.17323899,1.609563728,-1.973734077,-62.40662709,-0.600968475,18.49270103,-47.06741904,1.315021461
2fdp,13,227,0,7,65,0,64,104,5,4,45,0,0,1,2,15,-106.6041624,4.454298249,-3.705296158,-62.5860967,-1.731429883,81.08676487,-79.88149113,7.385410237
2flb,7,157,0,11,60,0,8,85,4,1,24,1,0,1,0,5,-186.1376844,6.401478908,-2.546993587,-17.63342746,-0.399661621,217.6244134,-38.05777369,9.600799968
2fzc,12,142,1,0,8,93,25,27,1,8,5,0,0,0,4,9,-166.0256754,1.249289781,-11.71685718,-10.40021806,0,153.0147537,-27.98884253,3.206240951
2g5u,2,37,0,10,0,0,29,0,0,1,9,0,0,0,0,3,-8.00071314,0.093767462,-0.212240497,-23.39787474,0,5.920346754,-16.92095801,0.643708931
2g8r,3,75,0,16,8,3,24,27,0,2,11,0,0,0,1,6,40.8585038,11.06857857,-2.258101312,-11.32665591,-0.431653624,-23.50500582,-34.81740856,9.924801085
2g94,13,211,0,23,66,0,44,91,4,9,37,0,0,0,0,20,-83.441067,0.503443757,-4.336544961,-66.94188584,-1.00E-10,44.68618689,-87.9175834,20.23412458
2gss,2,74,0,0,1,28,23,24,0,2,18,0,1,0,1,6,-15.11937495,3.266532775,-2.382922101,-32.47640573,-1.985762687,18.32600485,-31.06454255,2.660543974
2h3e,22,197,19,0,14,71,42,73,2,15,6,0,0,0,3,7,-144.6702581,3.527504587,-13.65830349,-10.47043741,0,146.8721792,-31.05672502,6.271858801
2hdq,4,62,0,3,6,0,24,33,0,5,18,0,1,0,2,1,-57.19145171,0.444742553,-8.909458059,-11.24661631,-2.832436433,54.44951528,-17.23930092,0.176821258
2i0d,6,157,0,17,38,0,41,67,2,6,25,1,0,0,0,15,-9.45510714,7.756825887,-2.638937493,-57.67639753,-0.620138451,4.050700505,-81.07090451,9.860846108
2j77,10,140,0,0,0,0,75,75,3,3,11,1,0,0,3,5,-35.94030507,-0.96956095,-3.047920415,-19.04607815,0,40.116314,-23.37329898,4.690702274
2j78,15,156,0,0,0,0,72,99,5,5,10,0,0,0,0,6,-46.23451114,2.244086045,-3.66995376,-16.66421359,0,33.43198035,-22.61238282,4.841796016
2qwb,9,153,0,1,1,0,99,61,2,6,6,0,0,0,3,10,72.18068634,4.762162848,-13.89936998,-14.27906011,0,-56.01942131,-34.39461997,6.358154109
2qwd,8,163,0,1,7,0,93,70,2,6,6,0,0,0,5,9,109.7687355,0.661223536,-14.06023587,-14.83637286,0,-58.83249706,-34.37390245,8.977864508
2qwe,15,203,0,23,10,0,101,84,5,4,10,0,0,0,11,13,-44.86419503,0.494322202,-6.415361366,-15.45875732,0,85.4565606,-37.25970203,12.76098534
2rkm,13,197,2,21,30,40,58,59,4,2,19,0,0,0,3,14,-140.3184162,2.231670692,-4.02679073,0,0,134.7254767,-46.34677902,3.877262126
2std,0,62,3,0,0,16,22,21,0,0,35,0,0,1,0,4,-5.470298617,0.630031332,-0.002704066,-65.26901432,-0.469048316,7.537091116,-49.83341796,1.006477051
2usn,3,95,0,25,5,17,33,18,2,3,24,0,2,0,0,8,-30.35976914,6.0094733,-1.275475176,-25.69007873,-1.79230757,32.59012124,-42.1055259,9.725054879
3gss,14,214,6,19,3,86,42,72,2,7,41,0,1,0,3,19,-46.32242384,-1.650676231,-4.483834241,-44.6584781,-2.125747369,39.82032658,-47.48617031,16.55060971
3pce,2,66,0,3,0,0,48,17,0,0,13,0,0,0,0,3,-45.28020539,1.297050836,-1.603179661,-16.65722185,-0.820219535,52.06753219,-24.90035094,2.591305835
3pch,5,68,0,0,1,0,42,30,1,3,13,0,0,0,1,2,-56.53921684,1.03998498,-4.373044495,-21.95017514,-0.389603644,52.63866409,-21.4488218,0.810871657
3pcj,1,64,0,3,0,0,42,20,0,3,15,0,0,0,0,2,-82.85115808,1.081650653,-2.301607069,-11.6099881,-0.177551887,90.37632035,-22.62748624,2.507918111
3std,5,124,6,0,0,43,41,39,2,2,58,1,1,2,0,6,-34.93622056,4.145712248,-0.691746728,-58.21686392,-2.447130636,45.76000751,-59.14939605,7.047935826
4er2,18,220,0,23,53,2,70,90,5,4,26,0,0,0,2,30,-57.69130558,6.451841494,-3.472941585,-66.6819155,0,40.43717426,-77.36872844,12.42420048
4tim,8,119,0,18,23,12,18,56,0,7,5,0,0,0,3,5,-141.6126957,2.142709213,-8.336047929,-10.04111466,0,149.1432641,-15.78956136,2.436284197
4tln,9,102,0,13,0,54,2,42,3,1,8,0,0,0,3,5,-38.88906358,2.586284491,-3.709131486,-16.81304219,0,48.92248715,-22.78580634,4.222485969
4tmn,10,186,0,16,0,81,46,53,3,5,29,0,2,0,5,14,127.3701875,17.57292279,-5.046851776,-40.0277071,-4.747692457,-55.57158294,-62.25996599,15.87580111
5er1,11,156,0,15,32,0,61,59,4,2,37,0,0,0,5,19,-26.9668927,-0.325211598,-2.229744586,-56.26167748,0,13.97170309,-57.30049323,15.7643272
6rnt,13,140,0,0,15,0,69,69,2,9,8,1,2,0,3,7,-31.83712006,4.68629255,-13.25602302,-5.043738152,-5.228903611,20.38734676,-21.26149638,9.414296838
6std,3,106,4,0,0,25,27,53,0,1,43,0,0,1,0,4,-6.049954615,1.046404361,-0.219118803,-66.64358928,-1.698232729,3.943165963,-57.94462703,2.489652064
7cpa,14,218,0,12,0,3,39,178,0,7,34,0,0,0,9,15,-68.04698497,5.568266859,-14.38739951,-42.28348337,-0.941383789,86.75276143,-45.42216188,12.01710846
8cpa,13,188,0,6,0,4,29,162,1,7,27,0,1,0,9,12,-10.40593048,5.85754535,-10.85265402,-27.21714885,-1.183020923,66.98737243,-36.78309693,12.74404382
